[
  {
    "id": 1,
    "title": "Teclado Mecánico RGB",
    "description": "Teclado mecánico con retroiluminación RGB y switches azules para una experiencia de escritura precisa.",
    "code": "KB-RGB-001",
    "price": 17000,
    "stock": 300,
    "category": "perifericos",
    "thumbnails": "/images/teclado.webp"
  },
  {
    "id": 2,
    "title": "Mouse Gamer Inalámbrico",
    "description": "Mouse ergonómico inalámbrico con sensor óptico de alta precisión y batería recargable.",
    "code": "MS-GAM-002",
    "price": 12000,
    "stock": 45,
    "category": "perifericos",
    "thumbnails": "/images/mouse.webp"
  },
  {
    "id": 3,
    "title": "Monitor LED 24'' Full HD",
    "description": "Monitor LED de 24 pulgadas con resolución Full HD (1920x1080), entradas HDMI y VGA.",
    "code": "MON-HD-003",
    "price": 45000,
    "stock": 20,
    "category": "monitores",
    "thumbnails": "/images/monitor.webp"
  },
  {
    "id": 4,
    "title": "Laptop Intel i5 11va Gen",
    "description": "Notebook con procesador Intel Core i5 de 11ª generación, 8GB RAM y SSD de 256GB.",
    "code": "NB-I5-004",
    "price": 250000,
    "stock": 10,
    "category": "laptops",
    "thumbnails": "/images/laptop.webp"
  },
  {
    "id": 5,
    "title": "Auriculares con Micrófono",
    "description": "Auriculares estéreo con micrófono integrado y cable de 2 metros, ideal para videollamadas y gaming.",
    "code": "AUD-MIC-005",
    "price": 8000,
    "stock": 60,
    "category": "audio",
    "thumbnails": "/images/auricular.webp"
  },
  {
    "id": 6,
    "title": "Disco SSD 1TB SATA III",
    "description": "Unidad de estado sólido de 1TB con velocidad de lectura de hasta 550MB/s, ideal para mejorar el rendimiento del sistema.",
    "code": "SSD-1TB-006",
    "price": 60000,
    "stock": 25,
    "category": "almacenamiento",
    "thumbnails": "/images/disco_ssd.webp"
  },
  {
    "id": 7,
    "title": "Memoria RAM 16GB DDR4",
    "description": "Módulo de memoria RAM DDR4 de 16GB y 3200MHz, compatible con la mayoría de PCs de escritorio.",
    "code": "RAM-16GB-007",
    "price": 22000,
    "stock": 40,
    "category": "componentes",
    "thumbnails": "/images/memoria_ram.webp"
  },
  {
    "id": 10,
    "title": "Parlante Portátil",
    "description": "Parlante compacto con conexión Bluetooth, ideal para llevar música a cualquier parte.",
    "code": "AUD-PRT-010",
    "price": 4400,
    "stock": 213,
    "category": "audio",
    "thumbnails": "/images/parlante.webp"
  },
  {
    "id": 11,
    "title": "Parlante Premium",
    "description": "Versión premium del parlante portátil con mejor calidad de sonido y diseño elegante.",
    "code": "AUD-PRM-011",
    "price": 8500,
    "stock": 50,
    "category": "audio",
    "thumbnails": "/images/parlante.webp"
  },
  {
    "id": 12,
    "title": "Monitor LED 27'' UHD",
    "description": "Monitor de 27 pulgadas con resolución Ultra HD, ideal para diseño gráfico y videojuegos.",
    "code": "MON-4K-012",
    "price": 123400,
    "stock": 123,
    "category": "monitores",
    "thumbnails": "/images/1745958329492.webp"
  },
  {
    "id": 14,
    "title": "Silla Gamer Ergonómica",
    "description": "Silla gamer con diseño ergonómico, soporte lumbar ajustable y reposabrazos 3D.",
    "code": "SILLA-009",
    "price": 350000,
    "stock": 120,
    "category": "componentes",
    "thumbnails": "/images/1745969210045.webp"
  },
  {
    "id": 15,
    "title": "Webcam Full HD 1080p",
    "description": "Cámara web con resolución Full HD y micrófono integrado, ideal para videollamadas y streaming.",
    "code": "CAM-FHD-015",
    "price": 9500,
    "stock": 70,
    "category": "perifericos",
    "thumbnails": "/images/webcam.webp"
  },
  {
    "id": 16,
    "title": "Router Wi-Fi 6 AX3000",
    "description": "Router de alta velocidad compatible con Wi-Fi 6, cobertura amplia y puertos Gigabit.",
    "code": "NET-WIFI6-016",
    "price": 28000,
    "stock": 35,
    "category": "redes",
    "thumbnails": "/images/router.webp"
  },
  {
    "id": 17,
    "title": "Gabinete ATX con RGB",
    "description": "Gabinete para PC con formato ATX, panel lateral de vidrio templado y ventiladores RGB incluidos.",
    "code": "CASE-RGB-017",
    "price": 32000,
    "stock": 22,
    "category": "componentes",
    "thumbnails": "/images/gabinete.webp"
  },
  {
    "id": 18,
    "title": "Impresora Multifunción Wi-Fi",
    "description": "Impresora multifunción con escáner y copiadora, conexión Wi-Fi y compatible con móviles.",
    "code": "PRN-MULTI-018",
    "price": 58000,
    "stock": 18,
    "category": "perifericos",
    "thumbnails": "/images/impresora.webp"
  },
  {
    "id": 19,
    "title": "Soporte para Monitor Dual",
    "description": "Soporte articulado para dos monitores de hasta 27'', ideal para mejorar la ergonomía del escritorio.",
    "code": "SUP-DUAL-019",
    "price": 18500,
    "stock": 48,
    "category": "accesorios",
    "thumbnails": "/images/soporte_monitor.webp"
  }
]
